"week_of_june","cpu"
"1 неделя",1.4486955198904693
"2 неделя",1.8063790060618462
"3 неделя",2.0375303677640948
"4 неделя",1.6106801703303027
"5 неделя (2 дня)",5.7728714965626653
